id;type;actor_name;target_title;detail;created_at;space_id
1;PAGE_RESTORED;飞 不但 坚固;从;../fake-data/blob/hipster.txt;2023-12-10T22:31:34;1
2;PAGE_CREATED;没 不但 披;沿着 拉;../fake-data/blob/hipster.txt;2023-12-10T21:57:40;2
3;PAGE_CREATED;惟独 以致 但是;椅子 窗户;../fake-data/blob/hipster.txt;2023-12-10T20:04:01;3
4;PAGE_DELETED;慢;而是 以便;../fake-data/blob/hipster.txt;2023-12-10T22:20:56;4
5;SYNC_IMPORTED;以便 比较;或者是;../fake-data/blob/hipster.txt;2023-12-10T19:01:17;5
6;PAGE_MOVED;但是 不但;哟 慢 呃呃;../fake-data/blob/hipster.txt;2023-12-11T04:14:17;6
7;PAGE_MOVED;河流 星星 文化;呀;../fake-data/blob/hipster.txt;2023-12-10T12:49:11;7
8;PAGE_CREATED;靠近;果然 到 公司;../fake-data/blob/hipster.txt;2023-12-11T04:23:49;8
9;PAGE_MOVED;和 喂 抱;转动 为了 关闭;../fake-data/blob/hipster.txt;2023-12-11T06:05:59;9
10;CONFLICT_RESOLVED;比;唉 山;../fake-data/blob/hipster.txt;2023-12-10T09:26:38;10
11;PAGE_UPDATED;哇塞 哎;别 经过 即便;../fake-data/blob/hipster.txt;2023-12-10T23:42:30;11
12;CONFLICT_RESOLVED;经过;冷 所以 抱;../fake-data/blob/hipster.txt;2023-12-10T21:15:13;12
13;PAGE_RESTORED;当然 稍微;然而 由于 必定;../fake-data/blob/hipster.txt;2023-12-11T04:19:55;13
14;PAGE_MOVED;不仅 挥;许多 只要;../fake-data/blob/hipster.txt;2023-12-11T04:45:49;14
15;CONFLICT_RESOLVED;哇塞 多;光;../fake-data/blob/hipster.txt;2023-12-10T13:52:27;15
16;PAGE_CREATED;呃 差点儿 工作;多么;../fake-data/blob/hipster.txt;2023-12-10T11:54:07;16
17;PAGE_MOVED;孩子 都;一味;../fake-data/blob/hipster.txt;2023-12-10T23:57:58;17
18;SYNC_IMPORTED;搜;抽 偏偏 根据;../fake-data/blob/hipster.txt;2023-12-10T07:39:52;18
19;PAGE_DELETED;即便 道路 基于;拔;../fake-data/blob/hipster.txt;2023-12-11T00:56:17;19
20;PAGE_UPDATED;冷 呜;好在 开 飞;../fake-data/blob/hipster.txt;2023-12-10T18:06:41;20
21;SYNC_IMPORTED;哎哟;书;../fake-data/blob/hipster.txt;2023-12-10T19:39:39;21
22;PAGE_MOVED;植物;书 咦 依靠;../fake-data/blob/hipster.txt;2023-12-10T07:38:12;22
23;SYNC_IMPORTED;当然 披 为了;往 一概;../fake-data/blob/hipster.txt;2023-12-10T22:52:24;23
24;PAGE_UPDATED;向 电脑;全;../fake-data/blob/hipster.txt;2023-12-10T19:34:31;24
25;PAGE_MOVED;就是 清楚;嘿;../fake-data/blob/hipster.txt;2023-12-10T21:19:31;25
26;CONFLICT_RESOLVED;尽 抱 画;以致;../fake-data/blob/hipster.txt;2023-12-10T07:58:25;26
27;CONFLICT_RESOLVED;哐 抽 嗨;哪怕 一旦;../fake-data/blob/hipster.txt;2023-12-10T17:26:43;27
28;PAGE_RESTORED;画 一道 以免;因为;../fake-data/blob/hipster.txt;2023-12-10T21:12:08;28
29;SYNC_IMPORTED;笔;钥匙;../fake-data/blob/hipster.txt;2023-12-10T18:50:16;29
30;PAGE_UPDATED;红 依然;热 以致 太阳;../fake-data/blob/hipster.txt;2023-12-10T18:18:56;30
