id;file_name;mime_type;size;sha_256;git_path;created_at;deleted_at;page_id
1;哇塞;哇;24939;血淋淋XXXXXXXXXXXXXXXXXXXXXXXXXXXXXXXXXXXXXXXXXXXXXXXXXXXXXXXXXXXXX;因为;2023-12-10T13:34:28;2023-12-10T18:47:05;1
2;哟 一道 全部;黑不溜秋;14551;整 桌子XXXXXXXXXXXXXXXXXXXXXXXXXXXXXXXXXXXXXXXXXXXXXXXXXXXXXXXXXXXX;啃;2023-12-10T13:48:49;2023-12-10T07:59:53;2
3;关于 呀 咦;哗 朝 共;16356;小 呃呃 食物XXXXXXXXXXXXXXXXXXXXXXXXXXXXXXXXXXXXXXXXXXXXXXXXXXXXXXXXX;开 逐步;2023-12-10T07:22:13;2023-12-10T09:54:51;3
4;自 索性;时间 熟练;10924;逐步 水XXXXXXXXXXXXXXXXXXXXXXXXXXXXXXXXXXXXXXXXXXXXXXXXXXXXXXXXXXXX;啊 桌子 宁可;2023-12-11T04:25:35;2023-12-11T06:06:28;4
5;关于 尽;医院 必然;22052;软XXXXXXXXXXXXXXXXXXXXXXXXXXXXXXXXXXXXXXXXXXXXXXXXXXXXXXXXXXXXXXX;往 抽 做;2023-12-10T06:45:59;2023-12-11T05:00:06;5
6;椅子;稍微 抽 火车;11332;哎呀XXXXXXXXXXXXXXXXXXXXXXXXXXXXXXXXXXXXXXXXXXXXXXXXXXXXXXXXXXXXXX;因为;2023-12-11T04:38:56;2023-12-10T23:32:02;6
7;优秀;衣服;1841;不但 略微XXXXXXXXXXXXXXXXXXXXXXXXXXXXXXXXXXXXXXXXXXXXXXXXXXXXXXXXXXX;但是 桥 哗;2023-12-10T18:26:30;2023-12-11T01:29:04;7
8;略微 电脑;嘿 十分;15477;因为 抬 以免XXXXXXXXXXXXXXXXXXXXXXXXXXXXXXXXXXXXXXXXXXXXXXXXXXXXXXXXX;因为;2023-12-11T05:13:19;2023-12-10T10:06:20;8
9;学生 哦 不但;接近;957;如果 依然 哗XXXXXXXXXXXXXXXXXXXXXXXXXXXXXXXXXXXXXXXXXXXXXXXXXXXXXXXXX;但是;2023-12-10T07:03:46;2023-12-10T23:34:13;9
10;无论;抛 提 很;21143;哼 学校 短XXXXXXXXXXXXXXXXXXXXXXXXXXXXXXXXXXXXXXXXXXXXXXXXXXXXXXXXXX;多么 哈;2023-12-10T16:35:02;2023-12-10T18:41:44;10
11;不但 依靠 吮;朋友;6337;公园 格外XXXXXXXXXXXXXXXXXXXXXXXXXXXXXXXXXXXXXXXXXXXXXXXXXXXXXXXXXXX;太 整 多么;2023-12-10T22:43:42;2023-12-10T11:03:35;11
12;比较 一起;大 坚固;31695;短 朝 哪怕XXXXXXXXXXXXXXXXXXXXXXXXXXXXXXXXXXXXXXXXXXXXXXXXXXXXXXXXXX;唉 哒 捡;2023-12-10T14:42:08;2023-12-10T15:54:39;12
13;黑不溜秋;拣;32406;即便 哒XXXXXXXXXXXXXXXXXXXXXXXXXXXXXXXXXXXXXXXXXXXXXXXXXXXXXXXXXXXX;好 快 倒;2023-12-10T22:16:43;2023-12-10T13:01:39;13
14;果然;少;5816;笔直 揽XXXXXXXXXXXXXXXXXXXXXXXXXXXXXXXXXXXXXXXXXXXXXXXXXXXXXXXXXXXX;咦 十分;2023-12-10T11:02:48;2023-12-11T06:12:55;14
15;电视 惟独 本子;而 天气 红;14069;而是 摸XXXXXXXXXXXXXXXXXXXXXXXXXXXXXXXXXXXXXXXXXXXXXXXXXXXXXXXXXXXX;经过 格外 给;2023-12-11T02:40:22;2023-12-11T01:16:10;15
16;做 挡;清楚 不过 大方;27133;或者 许多XXXXXXXXXXXXXXXXXXXXXXXXXXXXXXXXXXXXXXXXXXXXXXXXXXXXXXXXXXX;飞机 哈;2023-12-10T10:37:38;2023-12-10T13:03:15;16
17;哟 必定;快 红;16961;因为XXXXXXXXXXXXXXXXXXXXXXXXXXXXXXXXXXXXXXXXXXXXXXXXXXXXXXXXXXXXXX;直到 而且;2023-12-10T19:43:42;2023-12-10T09:04:35;17
18;不仅;嗨;31046;就是 插 唉XXXXXXXXXXXXXXXXXXXXXXXXXXXXXXXXXXXXXXXXXXXXXXXXXXXXXXXXXX;剪 吐;2023-12-10T20:05:31;2023-12-11T06:17:49;18
19;何尝;好在;15113;多 宁可 因为XXXXXXXXXXXXXXXXXXXXXXXXXXXXXXXXXXXXXXXXXXXXXXXXXXXXXXXXX;呃呃 马虎 老实;2023-12-10T10:29:37;2023-12-11T01:53:49;19
20;短 好在 呜呼;咬 无论 冰箱;10422;许多 关闭 对XXXXXXXXXXXXXXXXXXXXXXXXXXXXXXXXXXXXXXXXXXXXXXXXXXXXXXXXX;手机 无论;2023-12-10T13:07:51;2023-12-10T22:12:51;20
21;相当 哇塞;基于 咚;10480;因为 好在 向XXXXXXXXXXXXXXXXXXXXXXXXXXXXXXXXXXXXXXXXXXXXXXXXXXXXXXXXX;呜呼 骨碌碌;2023-12-10T10:01:00;2023-12-11T06:14:26;21
22;互相 嘘 窗户;必然;25216;城市 汽车XXXXXXXXXXXXXXXXXXXXXXXXXXXXXXXXXXXXXXXXXXXXXXXXXXXXXXXXXXX;衣服;2023-12-10T06:45:16;2023-12-11T06:20:45;22
23;哐 敲;为了;2724;移动 基于 跟XXXXXXXXXXXXXXXXXXXXXXXXXXXXXXXXXXXXXXXXXXXXXXXXXXXXXXXXX;熟练;2023-12-11T00:16:06;2023-12-10T20:34:37;23
24;哇哦 靠近;硬 多亏 基于;32473;一共 跳XXXXXXXXXXXXXXXXXXXXXXXXXXXXXXXXXXXXXXXXXXXXXXXXXXXXXXXXXXXX;宁可 平坦;2023-12-10T07:01:30;2023-12-10T17:21:52;24
25;宁可;多么;4616;咦 拉 老实XXXXXXXXXXXXXXXXXXXXXXXXXXXXXXXXXXXXXXXXXXXXXXXXXXXXXXXXXX;一味;2023-12-10T16:01:43;2023-12-10T17:22:39;25
26;无论 血淋淋 稍微;哎呀 动物;21424;因为XXXXXXXXXXXXXXXXXXXXXXXXXXXXXXXXXXXXXXXXXXXXXXXXXXXXXXXXXXXXXX;而 擅自 大方;2023-12-11T02:40:38;2023-12-11T03:27:45;26
27;抓;飞 扔;28924;随着 更 按XXXXXXXXXXXXXXXXXXXXXXXXXXXXXXXXXXXXXXXXXXXXXXXXXXXXXXXXXX;优秀 好在 接近;2023-12-10T21:47:06;2023-12-10T10:46:03;27
28;接近 哦;哪怕;18760;对于 嗨 只要XXXXXXXXXXXXXXXXXXXXXXXXXXXXXXXXXXXXXXXXXXXXXXXXXXXXXXXXX;呜呼;2023-12-10T08:22:55;2023-12-11T03:41:59;28
29;启动 在;整齐 根据 差点儿;28301;天气 坐 摇XXXXXXXXXXXXXXXXXXXXXXXXXXXXXXXXXXXXXXXXXXXXXXXXXXXXXXXXXX;天气;2023-12-11T06:06:03;2023-12-11T02:47:04;29
30;嘿嘿 呜呼;而且;27242;共 门 时间XXXXXXXXXXXXXXXXXXXXXXXXXXXXXXXXXXXXXXXXXXXXXXXXXXXXXXXXXX;呜;2023-12-11T00:30:47;2023-12-10T18:28:36;30
