id;title;kind;git_path;position;sync_status;created_at;updated_at;deleted_at;space_id
1;星星;GIT;绿;7462;SYNCED;2023-12-10T10:38:18;2023-12-10T12:47:08;2023-12-10T10:52:57;1
2;嘿;TEMPLATE;植物 嘿;11633;LOCAL_ONLY;2023-12-11T01:00:16;2023-12-10T08:00:27;2023-12-10T23:39:31;2
3;何尝 呃;GIT;呃呃 一概;30975;SYNCED;2023-12-10T15:26:32;2023-12-10T22:02:50;2023-12-10T12:13:23;3
4;倒 黑不溜秋;NATIVE;本子;10909;CONFLICT;2023-12-10T22:15:10;2023-12-10T07:21:21;2023-12-10T19:33:06;4
5;无论;TEMPLATE;搡;11990;LOCAL_ONLY;2023-12-10T07:51:11;2023-12-10T07:46:08;2023-12-11T02:36:55;5
6;统统;GIT;书;20080;CONFLICT;2023-12-10T16:24:59;2023-12-10T20:59:53;2023-12-10T07:47:12;6
7;画;NATIVE;虽然 除非;29697;SYNCED;2023-12-10T08:19:16;2023-12-11T06:20:13;2023-12-11T04:35:33;7
8;拨 依靠;TEMPLATE;音乐;16795;CONFLICT;2023-12-10T07:09:04;2023-12-10T20:11:23;2023-12-10T19:36:31;8
9;靠近;TEMPLATE;好;7102;SYNCED;2023-12-10T18:27:32;2023-12-10T11:10:37;2023-12-11T02:55:02;9
10;特地;FOLDER;呜 总共;7076;LOCAL_ONLY;2023-12-10T22:46:58;2023-12-10T19:35:06;2023-12-10T12:45:46;10
11;长 植物 和;TEMPLATE;粗 慢 文化;22734;CONFLICT;2023-12-10T08:17:23;2023-12-10T10:23:35;2023-12-10T11:34:30;11
12;比 捶 哪怕;GIT;嘘;16350;SYNCED;2023-12-10T18:53:21;2023-12-10T09:23:16;2023-12-11T00:57:33;12
13;随着 幸亏 击;TEMPLATE;揍 楼房;8866;SYNCED;2023-12-11T03:39:46;2023-12-10T11:12:37;2023-12-11T01:44:21;13
14;略微;NATIVE;除了;26664;PENDING_PUSH;2023-12-10T22:10:03;2023-12-10T11:30:46;2023-12-10T22:25:40;14
15;不过 毅然 捶;GIT;更加 渐渐 从;10368;LOCAL_ONLY;2023-12-10T17:29:55;2023-12-10T16:48:26;2023-12-10T06:35:54;15
16;但是;TEMPLATE;乃至 基于 全;4574;CONFLICT;2023-12-10T07:16:31;2023-12-10T14:42:49;2023-12-10T18:47:25;16
17;围绕;TEMPLATE;播 顺着 窗户;27138;LOCAL_ONLY;2023-12-10T12:17:52;2023-12-10T18:59:20;2023-12-11T04:57:15;17
18;必定 手机;TEMPLATE;语言 城市;10874;CONFLICT;2023-12-10T10:05:13;2023-12-10T16:11:33;2023-12-11T06:12:56;18
19;呼 或者是;FOLDER;自 大;188;LOCAL_ONLY;2023-12-10T12:58:36;2023-12-10T16:37:54;2023-12-10T06:53:33;19
20;硬;TEMPLATE;一同 血淋淋;11293;LOCAL_ONLY;2023-12-11T01:47:55;2023-12-10T18:53:07;2023-12-10T14:00:26;20
21;细 学生;GIT;电影 轻松;1081;PENDING_PUSH;2023-12-10T09:17:47;2023-12-10T06:40:20;2023-12-10T18:07:29;21
22;相当 坏 掐;NATIVE;做 笔 地铁;23219;PENDING_PUSH;2023-12-10T19:32:40;2023-12-10T16:10:05;2023-12-11T04:18:04;22
23;苦 不但;GIT;呼 给 逐步;7335;CONFLICT;2023-12-11T03:49:07;2023-12-11T01:31:23;2023-12-10T14:09:23;23
24;握 捣;GIT;嚼 而是 由于;24020;CONFLICT;2023-12-11T03:50:23;2023-12-11T04:46:15;2023-12-10T06:46:09;24
25;但是 对;GIT;托;2683;LOCAL_ONLY;2023-12-10T09:39:19;2023-12-10T19:25:39;2023-12-10T16:58:36;25
26;从;NATIVE;哒 而;11129;SYNCED;2023-12-10T10:35:10;2023-12-10T17:28:08;2023-12-10T18:51:02;26
27;楼房 沿着 桌子;GIT;随着 一齐 血淋淋;10119;SYNCED;2023-12-11T05:37:23;2023-12-10T09:56:03;2023-12-10T13:05:14;27
28;呜;GIT;接近;24836;PENDING_PUSH;2023-12-10T19:30:31;2023-12-10T17:16:09;2023-12-10T19:14:50;28
29;哐 关于;NATIVE;大方;23415;LOCAL_ONLY;2023-12-10T09:04:33;2023-12-10T11:47:55;2023-12-10T15:18:33;29
30;逐步;FOLDER;简直 人 抄;12894;LOCAL_ONLY;2023-12-10T14:56:59;2023-12-10T17:59:37;2023-12-10T07:34:56;30
