id;version_no;content_md;content_sha_256;author_name;author_email;source;git_commit;message;created_at;page_id
1;10277;../fake-data/blob/hipster.txt;啧啧XXXXXXXXXXXXXXXXXXXXXXXXXXXXXXXXXXXXXXXXXXXXXXXXXXXXXXXXXXXXXX;根据 相当;飞 除了 特地;RESTORE;宁可 马虎;啧啧 大约;2023-12-10T16:58:43;1
2;3959;../fake-data/blob/hipster.txt;拍 或者XXXXXXXXXXXXXXXXXXXXXXXXXXXXXXXXXXXXXXXXXXXXXXXXXXXXXXXXXXXX;打 大;坚固 小;WEB;反正 公园;都 所以;2023-12-10T07:05:28;2
3;8987;../fake-data/blob/hipster.txt;扭XXXXXXXXXXXXXXXXXXXXXXXXXXXXXXXXXXXXXXXXXXXXXXXXXXXXXXXXXXXXXXX;公园 托 笔直;别;WEB;自 一味 沿着;所以 关于 嘘;2023-12-10T16:22:10;3
4;22192;../fake-data/blob/hipster.txt;电脑 持 不仅XXXXXXXXXXXXXXXXXXXXXXXXXXXXXXXXXXXXXXXXXXXXXXXXXXXXXXXXX;老师;医院 以免 朝;MERGE;嘿;差点儿;2023-12-10T16:29:35;4
5;24623;../fake-data/blob/hipster.txt;而是 熟练 马虎XXXXXXXXXXXXXXXXXXXXXXXXXXXXXXXXXXXXXXXXXXXXXXXXXXXXXXXX;哎呀;冷;RESTORE;孩子 搂;可;2023-12-10T22:38:03;5
6;29909;../fake-data/blob/hipster.txt;坚固XXXXXXXXXXXXXXXXXXXXXXXXXXXXXXXXXXXXXXXXXXXXXXXXXXXXXXXXXXXXXX;而是;挥 宁可 嘘;RESTORE;音乐;喂 扔 音乐;2023-12-10T08:17:47;6
7;23819;../fake-data/blob/hipster.txt;拆XXXXXXXXXXXXXXXXXXXXXXXXXXXXXXXXXXXXXXXXXXXXXXXXXXXXXXXXXXXXXXX;喂;关于;MERGE;当然 围绕;但是;2023-12-10T22:38:56;7
8;13893;../fake-data/blob/hipster.txt;书 滑 转动XXXXXXXXXXXXXXXXXXXXXXXXXXXXXXXXXXXXXXXXXXXXXXXXXXXXXXXXXX;以免;热 公园;WEB;自;哇哦 哗;2023-12-10T11:20:46;8
9;24334;../fake-data/blob/hipster.txt;基于 给XXXXXXXXXXXXXXXXXXXXXXXXXXXXXXXXXXXXXXXXXXXXXXXXXXXXXXXXXXXX;短;比较 好在 椅子;GIT;窗户 搀 哎哟;到 呼 星星;2023-12-10T09:24:54;9
10;22283;../fake-data/blob/hipster.txt;呃XXXXXXXXXXXXXXXXXXXXXXXXXXXXXXXXXXXXXXXXXXXXXXXXXXXXXXXXXXXXXXX;或者 公园 整;随着 呜呼 飞机;WEB;比;擒;2023-12-10T13:21:53;10
11;15692;../fake-data/blob/hipster.txt;仿佛 工作 但是XXXXXXXXXXXXXXXXXXXXXXXXXXXXXXXXXXXXXXXXXXXXXXXXXXXXXXXX;挖 即使;也许 拉;MERGE;经过;嘘 抛;2023-12-10T20:04:11;11
12;21308;../fake-data/blob/hipster.txt;抄 驾驶XXXXXXXXXXXXXXXXXXXXXXXXXXXXXXXXXXXXXXXXXXXXXXXXXXXXXXXXXXXX;接近;对于 就 渐渐;MERGE;启动;一齐;2023-12-10T23:06:05;12
13;5590;../fake-data/blob/hipster.txt;直到 一起XXXXXXXXXXXXXXXXXXXXXXXXXXXXXXXXXXXXXXXXXXXXXXXXXXXXXXXXXXX;只要 往 快;就是;RESTORE;衣服 捡 围绕;虽然 托 以免;2023-12-10T09:18:55;13
14;14387;../fake-data/blob/hipster.txt;咦 手机XXXXXXXXXXXXXXXXXXXXXXXXXXXXXXXXXXXXXXXXXXXXXXXXXXXXXXXXXXXX;哎 多亏;海洋;GIT;马虎 吃 索性;本子;2023-12-10T07:51:40;14
15;18363;../fake-data/blob/hipster.txt;倒XXXXXXXXXXXXXXXXXXXXXXXXXXXXXXXXXXXXXXXXXXXXXXXXXXXXXXXXXXXXXXX;平坦 洗衣机;没 沿着;RESTORE;拆 学生;平坦 多么 托;2023-12-11T03:35:15;15
16;24983;../fake-data/blob/hipster.txt;家人 吮 天气XXXXXXXXXXXXXXXXXXXXXXXXXXXXXXXXXXXXXXXXXXXXXXXXXXXXXXXXX;持;哇塞;MERGE;除了 最 苦;对;2023-12-10T14:33:49;16
17;26312;../fake-data/blob/hipster.txt;拎XXXXXXXXXXXXXXXXXXXXXXXXXXXXXXXXXXXXXXXXXXXXXXXXXXXXXXXXXXXXXXX;挖;摔 水;RESTORE;植物 哗 特地;河流;2023-12-10T08:41:40;17
18;29375;../fake-data/blob/hipster.txt;无论 天气XXXXXXXXXXXXXXXXXXXXXXXXXXXXXXXXXXXXXXXXXXXXXXXXXXXXXXXXXXX;一齐;啊;GIT;搡 顺着 哐;然而 宁可;2023-12-10T12:23:04;18
19;27962;../fake-data/blob/hipster.txt;一定 即便XXXXXXXXXXXXXXXXXXXXXXXXXXXXXXXXXXXXXXXXXXXXXXXXXXXXXXXXXXX;朋友 逐渐;举 大 虽然;RESTORE;桌子 大;细 沿着 嘿;2023-12-10T21:47:55;19
20;6230;../fake-data/blob/hipster.txt;嗨 哎 关闭XXXXXXXXXXXXXXXXXXXXXXXXXXXXXXXXXXXXXXXXXXXXXXXXXXXXXXXXXX;眼镜;哇塞 窗户;GIT;语言 银行 饮料;随着 朝;2023-12-11T04:45:10;20
21;5116;../fake-data/blob/hipster.txt;勇敢 而是XXXXXXXXXXXXXXXXXXXXXXXXXXXXXXXXXXXXXXXXXXXXXXXXXXXXXXXXXXX;基于 学生 一齐;笔直 许多 马虎;GIT;呜呼 围绕 哇哦;然而 硬;2023-12-10T15:53:58;21
22;28315;../fake-data/blob/hipster.txt;向XXXXXXXXXXXXXXXXXXXXXXXXXXXXXXXXXXXXXXXXXXXXXXXXXXXXXXXXXXXXXXX;通过;全 基于 或者是;MERGE;提 搔 捧;不仅 经过;2023-12-10T16:04:39;22
23;1040;../fake-data/blob/hipster.txt;和 因为XXXXXXXXXXXXXXXXXXXXXXXXXXXXXXXXXXXXXXXXXXXXXXXXXXXXXXXXXXXX;以致 不但 弹;电视;GIT;倒 嘿嘿 咀;孩子 统统;2023-12-10T09:16:21;23
24;7162;../fake-data/blob/hipster.txt;书XXXXXXXXXXXXXXXXXXXXXXXXXXXXXXXXXXXXXXXXXXXXXXXXXXXXXXXXXXXXXXX;呕;呃呃 全 桥;RESTORE;骨碌碌 哎;必定 好 火车;2023-12-10T18:34:08;24
25;4973;../fake-data/blob/hipster.txt;甜 孩子XXXXXXXXXXXXXXXXXXXXXXXXXXXXXXXXXXXXXXXXXXXXXXXXXXXXXXXXXXXX;但是 朝 音乐;公园 清楚;MERGE;除了 细 自;以致 好 全;2023-12-10T09:58:58;25
26;29725;../fake-data/blob/hipster.txt;拎 哪怕XXXXXXXXXXXXXXXXXXXXXXXXXXXXXXXXXXXXXXXXXXXXXXXXXXXXXXXXXXXX;全部 呃呃;呼;GIT;即使 哦;坐 接近 马虎;2023-12-10T09:59:55;26
27;22611;../fake-data/blob/hipster.txt;哇哦XXXXXXXXXXXXXXXXXXXXXXXXXXXXXXXXXXXXXXXXXXXXXXXXXXXXXXXXXXXXXX;直到 扭;道路 舞;MERGE;汽车 随着;喂 呼 都;2023-12-10T07:23:20;27
28;3340;../fake-data/blob/hipster.txt;抚 呀 给XXXXXXXXXXXXXXXXXXXXXXXXXXXXXXXXXXXXXXXXXXXXXXXXXXXXXXXXXXX;啃;电影 地铁;MERGE;百般 咚 一旦;撬 宁可 大方;2023-12-10T06:57:10;28
29;20530;../fake-data/blob/hipster.txt;以免XXXXXXXXXXXXXXXXXXXXXXXXXXXXXXXXXXXXXXXXXXXXXXXXXXXXXXXXXXXXXX;星星 敲 一同;如果 地铁;RESTORE;呀 呃呃 擒;马虎 不仅 血淋淋;2023-12-10T20:38:15;29
30;17662;../fake-data/blob/hipster.txt;干脆 语言 难道XXXXXXXXXXXXXXXXXXXXXXXXXXXXXXXXXXXXXXXXXXXXXXXXXXXXXXXX;门 直到 掐;做 整齐;RESTORE;如果 或者是;由于;2023-12-10T09:56:37;30
