id;slug;name;description;git_repo_url;git_branch;position;archived
1;"c30p4kr10xzip7lz4r7";大;山 所以 抽;自;撬 摊 擅自;24057;false
2;"p2u8ftl864nzwy4c5vje8";给 哪怕;生动 因为;咦 语言 对于;飞机;1863;true
3;"d7fqe0kunm-1";轻松;在;海洋 啊 没有;而且;18340;true
4;"vuhgpwt9a07bdv5q";相当 熟练;马虎 咦 不;对于;哈 以免;31403;true
5;"dg1xq9iqypw-xt5elz";直到;撒;多 拉 渐渐;而是;23558;false
6;"de3j7y2q7z9ppr-fsnnepc20osa4";嘘 桥 渐渐;披 时间 软;或者是 工作;略微 啧啧;19675;true
7;"xjljfl5s6n3hs";呕 长 按;哪怕 但是;植物 只 吃;舞;31164;true
8;"m11uwndl44zetyzkt5ej4tw7o7hs3";对于 弹;笔 既然;除非 为了;呜;5980;false
9;"wnumcr91en54y2qtd";拣 食物;平坦 向;跟 仍然;马虎;32565;false
10;"mhqqh5sq0fxstuywlziis2mn6";或者 吐 切;关于;哇塞 敢情 揍;以便 随着 捣;4198;false
11;"ulytkspkjkbl195";共 慢;哗 工作;几乎 沿着 不过;比 啃 嘿;26756;false
12;"rce4fn8gb2p5b96efub1ppx25rldl";或者是 呼;哇哦;软 熟练;而 所以 咦;26899;true
13;"vps";而是;依然 往;熟练;而是 甜 公园;9204;true
14;"b40u9p6aj9csy55s-5sy-31s3lu";如果 优秀;沿着;格外 给 猛然;托 所以;30773;true
15;"j1g-ltzqlb83d";相当;食物 对于;撒 基于 却;植物;31764;false
16;"ldkljels1pnftelj-xeaghlx2m8iw-9";直到;擅自 格外 然而;由于;沿着;27835;false
17;"poowugaf59";就是 顺着;时间;哎呀 舞;毅然 只要 呃;15918;true
18;"cpr9lcblxl01cvmcq";咦;难道;甚至 虽然;长 哒 持;1793;true
19;"sfk1rsrzhtezgzabfpcaojom";电视 掘 搂;太阳;平常;嗨 语言 热;22797;true
20;"jxvzc";红 嘿;全部;坚固;嗨;9335;false
21;"zgxb7w2w86q85xpclrgz9xixuq4";攥;小;百般 捧 好;也许 却;23630;false
22;"pzlxu4up2l5svfnf2tvkg17f";沿着 也许 吸;笔直;转动;但是 伟大;5874;true
23;"ygqsxzyu5rsed64v61kl7yh4";衣服 因为 操作;唉 幸亏 粗;渐渐 依靠 哐;窗户;29267;true
24;"nr5wco4e8s9mz8ilt-kx80b";电视 啧啧 甚至;哐 幸亏 不但;家人;嘿 跟 摘;10982;true
25;"m3fqmzamcld2xclerxpbosiys";银行 虽然;书;当然 太;搀 直到 由于;30855;false
26;"a5r2ikkyztxej61kdjuznumjr4k6d";聪明 呃 河流;喝;即使 既然;哒 不仅 当然;16314;true
27;"m8qoea3xry0axxuxr2omadymdfi";切 基于 没有;极 飞 比;虽然 到 血淋淋;手机;9745;true
28;"a3kizp5hfbcw0eu4i5gvfz88rpm";熟练 逐渐;爬 哼;喂 围绕;火车 因为 小;18645;false
29;"m9c70r";直到 经过 在;挡;走 就是;哦 快;2542;false
30;"vlegtw2oyfawe487zcoli5ahb";切 冰箱 全部;窗户;滑;只 乃至 吐;1252;false
