id;repo_path;enabled;space_id
1;文化 乃至;false;1
2;光 给;false;2
3;都;false;3
4;笔 文化;false;4
5;靠近;false;5
6;简直;true;6
7;撒 净 眼镜;true;7
8;坚固;false;8
9;咀 哟;false;9
10;稍微 老实 无论;true;10
11;除了;false;11
12;公园;true;12
13;洗衣机 单 揽;true;13
14;笔直 基于;true;14
15;咦;true;15
16;举 只 哇塞;false;16
17;窗户 嘘 画;true;17
18;以致 甜;true;18
19;在;false;19
20;拍;false;20
21;就是 因为;false;21
22;挡 必然 咦;false;22
23;经过 哒 软;false;23
24;家人;false;24
25;净 太阳 顺着;true;25
26;呀;false;26
27;本子 学校 鲁莽;true;27
28;呜呼 洗衣机;true;28
29;舞;false;29
30;滑;false;30
