id;op;payload;actor_login;actor_name;actor_email;status;attempts;last_error;created_at;processed_at;space_id
1;RESTORE;../fake-data/blob/hipster.txt;扭 扭;攥;一定 呼;BLOCKED_BY_CONFLICT;19390;../fake-data/blob/hipster.txt;2023-12-10T11:21:29;2023-12-11T04:43:01;1
2;ATTACH;../fake-data/blob/hipster.txt;多 就是;多么 敲;拿 许多;PENDING;1110;../fake-data/blob/hipster.txt;2023-12-10T20:39:21;2023-12-10T22:01:14;2
3;MOVE;../fake-data/blob/hipster.txt;拧;食物 植物 而且;关于 或者是;DONE;22593;../fake-data/blob/hipster.txt;2023-12-10T09:18:54;2023-12-10T18:09:06;3
4;DETACH;../fake-data/blob/hipster.txt;咦 大;呃 靠近 平常;平坦;PENDING;29095;../fake-data/blob/hipster.txt;2023-12-10T16:35:51;2023-12-10T14:41:17;4
5;ATTACH;../fake-data/blob/hipster.txt;简直 人;宁可;播 坚固 雪白;DONE;24334;../fake-data/blob/hipster.txt;2023-12-10T10:05:48;2023-12-10T10:10:35;5
6;MOVE;../fake-data/blob/hipster.txt;一齐 以便 桥;切;揽 手机;FAILED;22656;../fake-data/blob/hipster.txt;2023-12-11T03:14:37;2023-12-10T18:20:19;6
7;WRITE;../fake-data/blob/hipster.txt;热 无论 许多;啧啧;倒 太 极;PENDING;27694;../fake-data/blob/hipster.txt;2023-12-10T16:06:28;2023-12-11T03:51:39;7
8;DETACH;../fake-data/blob/hipster.txt;冷;喂 啊 跟;光 格外;PENDING;20260;../fake-data/blob/hipster.txt;2023-12-10T14:12:04;2023-12-10T13:10:00;8
9;RESTORE;../fake-data/blob/hipster.txt;本子 共 黑不溜秋;音乐 敢情;一旦;PENDING;28451;../fake-data/blob/hipster.txt;2023-12-10T22:37:54;2023-12-10T23:23:54;9
10;WRITE;../fake-data/blob/hipster.txt;按;椅子 不过;扶 呀 书;DONE;31820;../fake-data/blob/hipster.txt;2023-12-10T19:47:19;2023-12-11T01:54:47;10
11;DELETE;../fake-data/blob/hipster.txt;哟 根据 乃至;公园 老实;写 宁可;BLOCKED_BY_CONFLICT;6772;../fake-data/blob/hipster.txt;2023-12-10T09:49:50;2023-12-11T04:30:30;11
12;RESTORE;../fake-data/blob/hipster.txt;更 跳 食物;比 弹;音乐;DONE;452;../fake-data/blob/hipster.txt;2023-12-10T21:06:00;2023-12-11T03:07:23;12
13;ATTACH;../fake-data/blob/hipster.txt;即使 拖;即便 顺着;抽 哇;FAILED;29586;../fake-data/blob/hipster.txt;2023-12-10T13:59:33;2023-12-10T16:08:03;13
14;RESTORE;../fake-data/blob/hipster.txt;大 不仅;或者;好些;PENDING;20087;../fake-data/blob/hipster.txt;2023-12-10T18:16:38;2023-12-10T08:26:08;14
15;ATTACH;../fake-data/blob/hipster.txt;咦 星星;哎 自;啊 撑;PENDING;8422;../fake-data/blob/hipster.txt;2023-12-10T08:33:01;2023-12-10T23:24:35;15
16;ATTACH;../fake-data/blob/hipster.txt;电影 撕 朝;慢 手机 哎呀;哼 大 在;FAILED;22555;../fake-data/blob/hipster.txt;2023-12-10T23:20:57;2023-12-10T21:13:42;16
17;DELETE;../fake-data/blob/hipster.txt;呃呃 虽然 就是;必然;而是 电影 很;FAILED;23051;../fake-data/blob/hipster.txt;2023-12-11T04:20:53;2023-12-10T13:37:20;17
18;DELETE;../fake-data/blob/hipster.txt;冰箱 本子 雪白;绿;呃呃 在 拣;BLOCKED_BY_CONFLICT;11669;../fake-data/blob/hipster.txt;2023-12-10T22:11:16;2023-12-10T09:26:35;18
19;ATTACH;../fake-data/blob/hipster.txt;红;而且 呕 捡;跑 单;DONE;13468;../fake-data/blob/hipster.txt;2023-12-10T10:11:18;2023-12-10T15:03:08;19
20;MOVE;../fake-data/blob/hipster.txt;和;而且 勇敢;根据 老实 嗨;FAILED;9132;../fake-data/blob/hipster.txt;2023-12-11T03:56:20;2023-12-10T18:31:28;20
21;MOVE;../fake-data/blob/hipster.txt;桥 而是;只要;一旦 全部 哗;PENDING;5081;../fake-data/blob/hipster.txt;2023-12-10T23:24:05;2023-12-10T18:44:13;21
22;MOVE;../fake-data/blob/hipster.txt;一旦 抿;语言;多亏;BLOCKED_BY_CONFLICT;22567;../fake-data/blob/hipster.txt;2023-12-11T06:04:55;2023-12-10T23:48:21;22
23;MOVE;../fake-data/blob/hipster.txt;转动;啊 哎 爬;钱包 一齐;BLOCKED_BY_CONFLICT;14023;../fake-data/blob/hipster.txt;2023-12-11T03:13:41;2023-12-10T18:16:12;23
24;RESTORE;../fake-data/blob/hipster.txt;哎呀 拧 关闭;到 长;根据 道路 哟;FAILED;10945;../fake-data/blob/hipster.txt;2023-12-10T16:33:12;2023-12-10T15:59:49;24
25;WRITE;../fake-data/blob/hipster.txt;优秀;钱包;咚 由于;DONE;32141;../fake-data/blob/hipster.txt;2023-12-11T02:59:15;2023-12-10T10:23:10;25
26;WRITE;../fake-data/blob/hipster.txt;多;椅子;只要;PENDING;29958;../fake-data/blob/hipster.txt;2023-12-10T15:03:03;2023-12-10T22:53:54;26
27;WRITE;../fake-data/blob/hipster.txt;开;一同;抄 干脆 拧;DONE;9673;../fake-data/blob/hipster.txt;2023-12-10T11:42:56;2023-12-11T06:07:08;27
28;DELETE;../fake-data/blob/hipster.txt;文化;绿油油;依靠;DONE;21371;../fake-data/blob/hipster.txt;2023-12-10T16:47:20;2023-12-10T17:12:49;28
29;MOVE;../fake-data/blob/hipster.txt;哎呀 只要;哗 根据;掷 围绕;BLOCKED_BY_CONFLICT;19388;../fake-data/blob/hipster.txt;2023-12-10T09:30:36;2023-12-10T14:02:57;29
30;ATTACH;../fake-data/blob/hipster.txt;苦 老实;比较 粗;骨碌碌 而 细;DONE;8203;../fake-data/blob/hipster.txt;2023-12-10T13:12:53;2023-12-10T08:45:13;30
