id;git_content_md;git_commit;detected_at;resolved_at;resolution;page_id;wiki_version_id
1;../fake-data/blob/hipster.txt;不仅 嘘;2023-12-10T21:17:31;2023-12-10T18:46:45;MERGED;1;1
2;../fake-data/blob/hipster.txt;依然 呃呃;2023-12-11T05:55:31;2023-12-10T20:06:28;KEPT_WIKI;2;2
3;../fake-data/blob/hipster.txt;毅然;2023-12-10T12:16:27;2023-12-10T10:48:02;KEPT_GIT;3;3
4;../fake-data/blob/hipster.txt;伟大 以致;2023-12-10T16:36:20;2023-12-10T21:44:36;MERGED;4;4
5;../fake-data/blob/hipster.txt;抚;2023-12-10T21:11:39;2023-12-10T07:42:50;MERGED;5;5
6;../fake-data/blob/hipster.txt;呜呼 倒 十分;2023-12-10T19:03:23;2023-12-11T01:48:35;MERGED;6;6
7;../fake-data/blob/hipster.txt;当然;2023-12-10T21:29:49;2023-12-11T02:07:55;MERGED;7;7
8;../fake-data/blob/hipster.txt;笔直 当然 一旦;2023-12-10T20:06:38;2023-12-11T02:37:01;KEPT_GIT;8;8
9;../fake-data/blob/hipster.txt;饮料 摸;2023-12-10T22:28:01;2023-12-11T03:55:36;KEPT_WIKI;9;9
10;../fake-data/blob/hipster.txt;对 哎哟;2023-12-11T03:39:36;2023-12-10T20:34:03;KEPT_GIT;10;10
11;../fake-data/blob/hipster.txt;海洋 和 水;2023-12-10T07:03:21;2023-12-10T16:25:50;KEPT_WIKI;11;11
12;../fake-data/blob/hipster.txt;喂;2023-12-10T10:20:41;2023-12-11T05:58:17;KEPT_GIT;12;12
13;../fake-data/blob/hipster.txt;除了;2023-12-10T08:04:30;2023-12-10T18:23:20;KEPT_WIKI;13;13
14;../fake-data/blob/hipster.txt;一旦 雪白 水;2023-12-10T23:03:14;2023-12-10T21:11:33;KEPT_WIKI;14;14
15;../fake-data/blob/hipster.txt;略微;2023-12-10T19:30:25;2023-12-10T23:45:06;KEPT_GIT;15;15
16;../fake-data/blob/hipster.txt;呀;2023-12-10T21:52:12;2023-12-11T04:19:19;KEPT_GIT;16;16
17;../fake-data/blob/hipster.txt;银行 朋友 基于;2023-12-10T14:01:50;2023-12-11T00:18:16;KEPT_WIKI;17;17
18;../fake-data/blob/hipster.txt;整齐 马虎 楼房;2023-12-10T21:30:40;2023-12-10T14:43:37;MERGED;18;18
19;../fake-data/blob/hipster.txt;咚 逐渐;2023-12-10T07:21:00;2023-12-10T08:01:55;KEPT_WIKI;19;19
20;../fake-data/blob/hipster.txt;热 嘿嘿;2023-12-10T20:39:49;2023-12-10T17:22:04;KEPT_WIKI;20;20
21;../fake-data/blob/hipster.txt;哇;2023-12-11T05:48:09;2023-12-10T13:18:50;KEPT_GIT;21;21
22;../fake-data/blob/hipster.txt;摸 格外;2023-12-11T02:34:16;2023-12-10T11:11:56;KEPT_GIT;22;22
23;../fake-data/blob/hipster.txt;呃呃 黑不溜秋 哟;2023-12-11T00:45:59;2023-12-11T06:21:14;KEPT_WIKI;23;23
24;../fake-data/blob/hipster.txt;哎呀 光 海洋;2023-12-11T00:47:21;2023-12-10T13:18:36;KEPT_WIKI;24;24
25;../fake-data/blob/hipster.txt;渐渐 哒;2023-12-10T14:16:54;2023-12-11T00:07:56;MERGED;25;25
26;../fake-data/blob/hipster.txt;搀 学生;2023-12-10T13:22:49;2023-12-10T06:39:08;KEPT_WIKI;26;26
27;../fake-data/blob/hipster.txt;苦;2023-12-10T11:50:53;2023-12-10T14:16:09;MERGED;27;27
28;../fake-data/blob/hipster.txt;绿油油 甜 平常;2023-12-10T11:58:25;2023-12-10T09:49:47;KEPT_WIKI;28;28
29;../fake-data/blob/hipster.txt;呜 比 蠕动;2023-12-10T21:17:22;2023-12-11T05:44:24;KEPT_WIKI;29;29
30;../fake-data/blob/hipster.txt;几乎;2023-12-11T02:46:51;2023-12-10T17:31:28;KEPT_WIKI;30;30
