id;last_synced_commit;last_fetch_at;last_push_at;status;message;sync_root_id
1;然而;2023-12-10T10:41:59;2023-12-11T00:42:59;ERROR;../fake-data/blob/hipster.txt;1
2;如果 擒;2023-12-11T02:32:57;2023-12-10T19:19:02;OK;../fake-data/blob/hipster.txt;2
3;呜呼;2023-12-10T11:51:21;2023-12-10T12:20:48;IDLE;../fake-data/blob/hipster.txt;3
4;整 抿;2023-12-10T15:50:12;2023-12-11T02:29:25;ERROR;../fake-data/blob/hipster.txt;4
5;慢 整;2023-12-10T17:33:47;2023-12-10T08:33:37;OK;../fake-data/blob/hipster.txt;5
6;洗衣机 掐;2023-12-10T18:06:25;2023-12-10T11:56:48;RUNNING;../fake-data/blob/hipster.txt;6
7;啧啧 对;2023-12-10T15:49:23;2023-12-10T17:52:37;IDLE;../fake-data/blob/hipster.txt;7
8;最 揽;2023-12-11T05:52:20;2023-12-10T08:06:03;ERROR;../fake-data/blob/hipster.txt;8
9;勇敢 而且 哒;2023-12-10T13:59:47;2023-12-11T00:37:37;RUNNING;../fake-data/blob/hipster.txt;9
10;哇哦 哎;2023-12-10T14:17:07;2023-12-10T10:51:29;RUNNING;../fake-data/blob/hipster.txt;10
11;嘿嘿 剪;2023-12-10T06:43:26;2023-12-10T15:20:08;IDLE;../fake-data/blob/hipster.txt;11
12;黑不溜秋 绿油油 向;2023-12-10T22:02:27;2023-12-10T17:45:14;IDLE;../fake-data/blob/hipster.txt;12
13;持 鲁莽;2023-12-11T01:14:34;2023-12-10T17:26:55;ERROR;../fake-data/blob/hipster.txt;13
14;围绕 擅自 呼;2023-12-10T23:23:38;2023-12-10T17:33:07;IDLE;../fake-data/blob/hipster.txt;14
15;不过;2023-12-10T20:08:30;2023-12-10T06:46:46;OFFLINE;../fake-data/blob/hipster.txt;15
16;哗 必然 但是;2023-12-10T09:14:57;2023-12-11T01:15:15;RUNNING;../fake-data/blob/hipster.txt;16
17;飞机;2023-12-11T02:18:21;2023-12-10T21:50:12;ERROR;../fake-data/blob/hipster.txt;17
18;本子;2023-12-10T09:54:23;2023-12-10T10:35:07;OFFLINE;../fake-data/blob/hipster.txt;18
19;根据 比 不但;2023-12-10T13:06:20;2023-12-10T15:36:55;IDLE;../fake-data/blob/hipster.txt;19
20;哼 呃呃;2023-12-11T01:36:44;2023-12-10T15:13:37;IDLE;../fake-data/blob/hipster.txt;20
21;最 山 在;2023-12-10T16:17:12;2023-12-10T13:27:16;ERROR;../fake-data/blob/hipster.txt;21
22;咚 长;2023-12-10T10:35:05;2023-12-10T16:29:50;RUNNING;../fake-data/blob/hipster.txt;22
23;笔直;2023-12-11T03:52:15;2023-12-11T03:16:37;OFFLINE;../fake-data/blob/hipster.txt;23
24;雪白;2023-12-10T16:59:30;2023-12-10T10:45:21;ERROR;../fake-data/blob/hipster.txt;24
25;学校 嘘 哦;2023-12-10T19:00:53;2023-12-10T18:31:49;ERROR;../fake-data/blob/hipster.txt;25
26;优秀 城市 必然;2023-12-11T02:45:19;2023-12-10T15:36:45;OFFLINE;../fake-data/blob/hipster.txt;26
27;人 工作;2023-12-10T21:29:36;2023-12-10T09:25:48;OK;../fake-data/blob/hipster.txt;27
28;哟;2023-12-11T00:23:37;2023-12-10T10:46:03;OFFLINE;../fake-data/blob/hipster.txt;28
29;索性 呜呼 捣;2023-12-11T02:39:21;2023-12-10T16:24:31;OFFLINE;../fake-data/blob/hipster.txt;29
30;桌子 呃呃;2023-12-11T04:51:20;2023-12-10T23:53:13;OFFLINE;../fake-data/blob/hipster.txt;30
